               epoch,      train/box_loss,      train/obj_loss,      train/cls_loss,   metrics/precision,      metrics/recall,     metrics/mAP_0.5,metrics/mAP_0.5:0.95,        val/box_loss,        val/obj_loss,        val/cls_loss,               x/lr0,               x/lr1,               x/lr2
                   0,            0.097661,            0.026716,            0.036349,            0.012075,            0.022222,           0.0044728,           0.0009656,             0.05769,            0.022731,            0.024671,             0.00057,             0.00057,             0.09487
                   1,            0.070942,            0.028609,            0.034251,             0.10913,             0.51693,              0.2041,            0.085841,            0.032649,            0.022126,            0.022958,             0.00115,             0.00115,             0.08965
                   2,            0.050925,            0.026612,            0.030003,             0.41851,             0.41987,             0.42584,             0.17028,            0.026294,            0.017617,            0.019056,           0.0017298,           0.0017298,             0.08443
                   3,            0.046964,            0.022868,             0.02784,             0.53695,             0.79259,             0.64182,             0.34725,             0.02646,            0.013409,            0.017163,           0.0023095,           0.0023095,            0.079209
                   4,             0.04569,            0.019422,             0.02613,             0.34966,             0.96296,             0.59806,             0.29315,            0.023641,            0.011429,            0.014293,           0.0028889,           0.0028889,            0.073989
                   5,            0.046956,             0.01766,             0.02308,             0.47411,              0.7975,             0.67509,             0.29588,            0.031218,           0.0096814,            0.012531,           0.0034679,           0.0034679,            0.068768
                   6,            0.047015,            0.015612,            0.021466,             0.53434,             0.78148,             0.72558,             0.35362,            0.036449,           0.0085329,            0.010727,           0.0040464,           0.0040464,            0.063546
                   7,             0.04823,            0.014615,            0.019455,             0.67949,             0.93896,             0.90488,             0.64755,            0.027285,             0.00774,           0.0097123,           0.0046244,           0.0046244,            0.058324
                   8,            0.048894,            0.013633,            0.018491,              0.8251,              0.7693,             0.87636,             0.51305,            0.035813,            0.006671,           0.0088052,           0.0052018,           0.0052018,            0.053102
                   9,            0.050777,            0.012608,            0.016994,             0.62972,             0.83005,             0.77594,             0.40926,            0.031958,           0.0063485,            0.007611,           0.0057784,           0.0057784,            0.047878
                  10,            0.053664,            0.012946,            0.016398,             0.64593,             0.92589,             0.82767,             0.55003,            0.029686,           0.0060751,           0.0062804,           0.0063543,           0.0063543,            0.042654
                  11,            0.050019,            0.011133,            0.013645,             0.61368,             0.83676,             0.77658,             0.36362,            0.030826,           0.0059634,           0.0059428,           0.0069293,           0.0069293,            0.037429
                  12,            0.047869,             0.01113,            0.012339,             0.54131,             0.66465,             0.69458,             0.28043,            0.037012,           0.0053654,           0.0054495,           0.0075033,           0.0075033,            0.032203
                  13,            0.048955,             0.01026,            0.014377,             0.78049,                 0.9,             0.90043,             0.32406,            0.034766,           0.0052934,           0.0059244,           0.0080762,           0.0080762,            0.026976
                  14,            0.050389,            0.010123,             0.01055,             0.47096,             0.71751,              0.5879,             0.26617,            0.041485,           0.0049344,            0.006413,            0.008648,            0.008648,            0.021748
                  15,            0.044414,            0.010313,           0.0095427,              0.6293,             0.73199,             0.68266,             0.34759,             0.04049,           0.0048131,           0.0055367,           0.0092186,           0.0092186,            0.016519
                  16,            0.047786,           0.0094395,            0.011095,             0.66771,             0.90007,             0.85136,             0.45519,            0.023923,           0.0051682,           0.0058336,           0.0097879,           0.0097879,            0.011288
                  17,            0.047336,            0.010648,            0.012078,             0.81998,             0.84813,              0.8915,             0.42003,             0.03006,           0.0053854,           0.0055165,           0.0099289,           0.0099289,           0.0099289
                  18,            0.047162,             0.01152,            0.012462,             0.65257,             0.86925,             0.83903,             0.44782,            0.029264,           0.0051882,           0.0053232,           0.0099289,           0.0099289,           0.0099289
                  19,            0.042291,            0.010893,            0.010255,             0.63498,             0.87037,              0.7684,              0.4413,            0.031865,           0.0047831,           0.0066517,           0.0099203,           0.0099203,           0.0099203
                  20,            0.045954,            0.010293,            0.010646,             0.69127,             0.88148,              0.8675,             0.48472,            0.030945,            0.004836,           0.0060878,           0.0099112,           0.0099112,           0.0099112
                  21,            0.041978,           0.0091158,           0.0092432,             0.80329,             0.83875,             0.87641,             0.41771,            0.026641,           0.0056356,           0.0063837,           0.0099017,           0.0099017,           0.0099017
                  22,            0.042204,            0.009856,           0.0080257,             0.82113,             0.88503,             0.90519,             0.51384,            0.022432,            0.005244,           0.0056433,           0.0098916,           0.0098916,           0.0098916
                  23,             0.04206,            0.010453,           0.0090645,              0.8063,             0.91111,             0.93947,             0.65116,            0.022121,           0.0052473,           0.0055127,           0.0098811,           0.0098811,           0.0098811
                  24,            0.038565,            0.010202,            0.010364,             0.74793,             0.88467,             0.95152,              0.6551,            0.019483,           0.0067201,           0.0092835,           0.0098701,           0.0098701,           0.0098701
                  25,            0.037563,            0.010347,           0.0099527,             0.87717,             0.90391,             0.96246,             0.57924,            0.025516,           0.0051008,           0.0061494,           0.0098586,           0.0098586,           0.0098586
                  26,            0.039215,           0.0093272,           0.0083149,             0.77052,             0.88889,             0.92611,             0.57481,            0.020895,           0.0051737,           0.0041293,           0.0098467,           0.0098467,           0.0098467
                  27,            0.034385,           0.0096472,           0.0086718,             0.91119,             0.86587,             0.94264,             0.72406,            0.023333,           0.0050219,           0.0047256,           0.0098342,           0.0098342,           0.0098342
                  28,             0.03491,           0.0098197,             0.01193,             0.82789,             0.96992,             0.94363,             0.59186,             0.02253,           0.0051143,           0.0053568,           0.0098213,           0.0098213,           0.0098213
                  29,            0.033612,           0.0096068,           0.0078127,             0.93737,             0.96085,             0.96678,             0.63641,            0.016929,           0.0044412,           0.0038838,           0.0098079,           0.0098079,           0.0098079
                  30,            0.032813,           0.0095267,           0.0071881,              0.9111,             0.93224,             0.94047,             0.62723,            0.020082,           0.0046136,           0.0036968,           0.0097941,           0.0097941,           0.0097941
                  31,            0.032342,           0.0089938,           0.0095141,             0.95531,             0.94951,             0.95268,             0.69449,            0.017057,           0.0043247,           0.0045637,           0.0097798,           0.0097798,           0.0097798
                  32,            0.034041,           0.0090593,           0.0079294,             0.95842,             0.94076,             0.95547,             0.71147,            0.015238,            0.004661,           0.0048843,            0.009765,            0.009765,            0.009765
                  33,            0.031407,            0.009153,           0.0062054,             0.96681,             0.92982,             0.96255,             0.72734,            0.016823,           0.0041011,           0.0055875,           0.0097497,           0.0097497,           0.0097497
                  34,            0.029828,           0.0091977,           0.0091746,             0.96823,              0.9121,             0.97841,             0.66509,            0.016884,           0.0047404,           0.0043987,            0.009734,            0.009734,            0.009734
                  35,            0.029645,           0.0091048,           0.0071046,             0.81933,             0.95941,              0.9791,             0.67448,            0.017727,           0.0047928,           0.0047396,           0.0097178,           0.0097178,           0.0097178
                  36,            0.030621,           0.0087815,           0.0085794,             0.94086,             0.94074,              0.9747,             0.75319,            0.017557,           0.0043931,           0.0050022,           0.0097011,           0.0097011,           0.0097011
                  37,            0.031523,           0.0089298,           0.0088457,             0.76496,             0.94074,             0.91468,             0.61886,            0.016815,           0.0047072,           0.0063008,            0.009684,            0.009684,            0.009684
                  38,            0.031992,           0.0094745,            0.011948,             0.87475,             0.88874,                0.97,             0.77036,             0.01512,           0.0046556,           0.0093327,           0.0096664,           0.0096664,           0.0096664
                  39,            0.029421,           0.0091139,           0.0083006,             0.88034,             0.94743,             0.94929,              0.6661,            0.017932,           0.0057447,           0.0050012,           0.0096484,           0.0096484,           0.0096484
                  40,            0.030488,           0.0094289,           0.0082179,             0.84963,             0.70727,             0.84074,             0.48724,            0.024358,           0.0086045,           0.0038629,           0.0096299,           0.0096299,           0.0096299
                  41,            0.029877,           0.0089488,           0.0062285,             0.94999,             0.94778,             0.97703,             0.73549,            0.015509,           0.0053234,           0.0046197,            0.009611,            0.009611,            0.009611
                  42,            0.029835,           0.0092359,            0.007387,             0.93749,             0.95174,             0.98525,             0.74554,            0.015528,           0.0043038,            0.005504,           0.0095916,           0.0095916,           0.0095916
                  43,            0.027772,           0.0088397,           0.0068826,             0.95415,             0.94373,             0.98192,             0.72589,            0.019484,           0.0045525,           0.0057938,           0.0095717,           0.0095717,           0.0095717
                  44,            0.028075,           0.0082562,           0.0077962,             0.94874,             0.86665,             0.97752,             0.79317,            0.015079,           0.0048706,           0.0081236,           0.0095514,           0.0095514,           0.0095514
                  45,            0.024353,           0.0086844,            0.006451,             0.92692,             0.92223,             0.98416,             0.68287,             0.01562,           0.0046153,           0.0064686,           0.0095307,           0.0095307,           0.0095307
                  46,            0.027463,           0.0084653,           0.0061418,             0.89883,              0.9591,             0.97674,             0.75287,            0.014576,           0.0052834,           0.0042216,           0.0095095,           0.0095095,           0.0095095
                  47,            0.027588,           0.0090517,           0.0075037,             0.89847,             0.83264,             0.95368,             0.68196,            0.015671,           0.0064449,           0.0065425,           0.0094879,           0.0094879,           0.0094879
                  48,            0.026712,           0.0089443,           0.0067318,             0.92586,             0.96203,             0.97458,             0.75042,            0.016758,             0.00527,           0.0043366,           0.0094659,           0.0094659,           0.0094659
                  49,            0.028785,           0.0080944,           0.0067528,             0.85177,             0.94385,             0.98032,             0.78058,            0.012805,           0.0050855,           0.0066437,           0.0094434,           0.0094434,           0.0094434
                  50,            0.025084,           0.0081651,           0.0051582,             0.91226,             0.92226,             0.98329,             0.78293,            0.014891,           0.0042549,           0.0049626,           0.0094205,           0.0094205,           0.0094205
                  51,            0.026376,           0.0085003,           0.0073671,             0.92526,              0.9134,             0.96919,             0.73822,            0.015275,           0.0043775,           0.0050645,           0.0093971,           0.0093971,           0.0093971
                  52,            0.025242,           0.0080799,           0.0063115,             0.94339,             0.95681,             0.96976,             0.77331,             0.01539,           0.0044453,           0.0035608,           0.0093733,           0.0093733,           0.0093733
                  53,            0.025198,           0.0083075,            0.006093,             0.94761,             0.97037,             0.96971,             0.75086,            0.014726,           0.0043915,           0.0031427,           0.0093491,           0.0093491,           0.0093491
                  54,             0.02545,           0.0083139,           0.0064488,             0.95954,             0.94916,             0.95783,             0.67685,            0.016641,           0.0048755,           0.0031148,           0.0093245,           0.0093245,           0.0093245
                  55,            0.026326,           0.0078711,            0.005684,             0.94908,             0.94815,             0.96134,              0.7321,            0.014577,           0.0048368,           0.0033443,           0.0092995,           0.0092995,           0.0092995
                  56,            0.023954,           0.0073655,           0.0050419,             0.93001,             0.94108,             0.97205,             0.79423,            0.014537,           0.0048442,           0.0037906,            0.009274,            0.009274,            0.009274
                  57,            0.024745,           0.0079691,            0.006705,             0.96987,             0.93263,             0.98517,             0.75502,            0.013411,            0.004768,           0.0027362,           0.0092481,           0.0092481,           0.0092481
                  58,            0.025932,           0.0083536,           0.0060424,             0.93921,             0.97037,             0.99272,             0.76548,            0.013749,            0.004756,           0.0029483,           0.0092219,           0.0092219,           0.0092219
                  59,            0.023587,           0.0078205,           0.0060961,             0.93373,             0.93369,             0.96377,             0.78715,            0.012244,           0.0045586,           0.0051222,           0.0091952,           0.0091952,           0.0091952
                  60,            0.025081,           0.0079966,           0.0050402,             0.94004,             0.95492,             0.98637,              0.7489,            0.013684,            0.004782,           0.0035651,           0.0091681,           0.0091681,           0.0091681
                  61,            0.023578,            0.007919,           0.0054665,             0.88747,             0.97304,             0.97989,             0.74335,            0.014334,           0.0050078,           0.0028713,           0.0091406,           0.0091406,           0.0091406
                  62,            0.022547,           0.0073334,           0.0046837,             0.95208,             0.96914,             0.98663,             0.72766,            0.014781,           0.0045565,           0.0024781,           0.0091127,           0.0091127,           0.0091127
                  63,            0.023302,           0.0073067,           0.0052038,             0.93134,             0.95926,             0.98412,             0.76824,            0.013763,           0.0048655,           0.0046503,           0.0090844,           0.0090844,           0.0090844
                  64,            0.023417,           0.0075778,            0.005453,             0.92861,             0.96037,             0.98725,             0.77238,            0.012334,           0.0040326,            0.004677,           0.0090557,           0.0090557,           0.0090557
                  65,            0.024448,           0.0071742,           0.0035262,             0.94561,             0.92321,             0.97861,             0.72217,             0.01354,           0.0040548,           0.0040519,           0.0090266,           0.0090266,           0.0090266
                  66,            0.022734,           0.0075313,           0.0041257,             0.95071,             0.95489,             0.97623,             0.79265,            0.013578,           0.0038422,           0.0037443,           0.0089972,           0.0089972,           0.0089972
                  67,            0.024884,           0.0072433,           0.0036595,             0.94591,             0.95893,             0.97461,             0.76424,            0.011707,           0.0035548,           0.0037798,           0.0089673,           0.0089673,           0.0089673
                  68,            0.022894,            0.007475,           0.0043888,             0.94045,             0.95872,             0.98867,             0.79597,            0.012932,           0.0034525,           0.0035466,           0.0089371,           0.0089371,           0.0089371
                  69,            0.021789,           0.0068839,           0.0051329,             0.95597,             0.93975,             0.98022,             0.72088,            0.014628,           0.0036663,            0.003588,           0.0089065,           0.0089065,           0.0089065
                  70,            0.022017,           0.0072445,           0.0062068,             0.94836,              0.9563,             0.97595,              0.7688,             0.01321,           0.0035328,           0.0043236,           0.0088755,           0.0088755,           0.0088755
                  71,            0.021978,            0.007495,           0.0040732,             0.93484,             0.95179,              0.9805,             0.78113,            0.011484,           0.0035414,           0.0047431,           0.0088442,           0.0088442,           0.0088442
                  72,            0.022666,           0.0068699,           0.0077068,             0.91655,             0.96867,             0.98388,             0.80344,            0.011796,           0.0037064,           0.0045516,           0.0088124,           0.0088124,           0.0088124
                  73,            0.022208,           0.0072343,           0.0044013,             0.93784,             0.95916,              0.9721,              0.8401,            0.011175,           0.0037137,           0.0041952,           0.0087804,           0.0087804,           0.0087804
                  74,             0.02209,           0.0063632,           0.0034894,             0.93793,             0.95916,             0.96266,             0.79825,            0.013465,           0.0040682,           0.0035405,           0.0087479,           0.0087479,           0.0087479
                  75,              0.0207,           0.0074479,           0.0052076,             0.92534,             0.91082,             0.95361,             0.76737,            0.012795,           0.0045431,           0.0063312,           0.0087151,           0.0087151,           0.0087151
                  76,            0.024174,           0.0079963,           0.0051748,             0.91006,             0.92503,             0.95778,             0.75642,            0.014144,             0.00518,           0.0053107,            0.008682,            0.008682,            0.008682
                  77,             0.01965,           0.0066314,           0.0040297,             0.84997,             0.95921,             0.96805,             0.70553,            0.014589,           0.0044994,           0.0065708,           0.0086485,           0.0086485,           0.0086485
                  78,            0.020721,            0.006756,           0.0047731,             0.84939,             0.94068,             0.96058,             0.74589,            0.013679,           0.0043188,           0.0071999,           0.0086146,           0.0086146,           0.0086146
                  79,            0.023671,           0.0074254,           0.0056361,             0.93566,             0.94692,             0.98702,             0.82419,            0.013108,           0.0039178,           0.0043798,           0.0085805,           0.0085805,           0.0085805
                  80,              0.0216,           0.0068966,           0.0034689,             0.93625,             0.94888,             0.98787,             0.80372,            0.011998,           0.0037126,           0.0040319,           0.0085459,           0.0085459,           0.0085459
                  81,            0.022488,           0.0067445,           0.0046083,             0.92802,             0.96333,             0.98428,             0.81239,            0.011254,           0.0037231,           0.0038244,           0.0085111,           0.0085111,           0.0085111
                  82,            0.021634,           0.0072573,           0.0043791,             0.95121,             0.92971,             0.98231,             0.79413,            0.011765,           0.0037436,           0.0053188,           0.0084759,           0.0084759,           0.0084759
                  83,            0.022205,           0.0063758,           0.0058758,             0.90847,             0.89426,             0.97059,             0.82128,            0.011478,           0.0038506,           0.0057827,           0.0084404,           0.0084404,           0.0084404
                  84,            0.024403,           0.0076387,           0.0055713,             0.91647,             0.90549,             0.98675,             0.70837,            0.013076,           0.0042677,           0.0048368,           0.0084046,           0.0084046,           0.0084046
                  85,            0.020894,           0.0067734,           0.0073732,             0.96067,             0.95929,             0.98412,             0.81695,            0.012718,           0.0036393,           0.0031713,           0.0083684,           0.0083684,           0.0083684
                  86,            0.022001,           0.0070716,            0.006039,             0.96151,             0.95926,             0.98407,             0.75323,            0.012544,           0.0035948,           0.0032911,           0.0083319,           0.0083319,           0.0083319
                  87,             0.02058,           0.0075388,           0.0044746,             0.94171,             0.97778,             0.98835,             0.81834,            0.011164,           0.0036539,           0.0027509,           0.0082952,           0.0082952,           0.0082952
                  88,            0.017428,           0.0065166,           0.0034694,             0.96487,             0.95927,             0.98776,              0.8129,            0.011955,           0.0038595,           0.0025628,           0.0082581,           0.0082581,           0.0082581
                  89,            0.020521,           0.0070368,           0.0033867,             0.96871,             0.97766,             0.98652,             0.75115,            0.011976,            0.003811,            0.002932,           0.0082207,           0.0082207,           0.0082207
                  90,            0.019107,           0.0064202,           0.0048895,             0.97859,             0.93704,             0.97935,             0.79951,            0.011385,           0.0044271,           0.0024772,            0.008183,            0.008183,            0.008183
                  91,             0.01956,           0.0070331,           0.0037751,             0.96454,             0.93892,             0.97968,             0.81121,            0.012528,           0.0044148,           0.0026844,            0.008145,            0.008145,            0.008145
                  92,            0.023555,           0.0073556,           0.0048476,             0.97179,             0.93505,             0.98486,             0.79107,             0.01162,            0.004242,           0.0030501,           0.0081068,           0.0081068,           0.0081068
                  93,             0.01899,           0.0069617,           0.0062221,             0.97029,             0.93122,             0.98688,              0.8372,             0.01094,           0.0040198,            0.003207,           0.0080682,           0.0080682,           0.0080682
                  94,            0.018867,           0.0063944,           0.0036668,             0.96484,             0.96818,             0.98723,             0.78099,            0.012081,            0.004181,           0.0031993,           0.0080294,           0.0080294,           0.0080294
                  95,            0.020657,           0.0071377,           0.0036764,             0.95599,             0.95921,             0.98588,             0.74972,            0.011538,           0.0041699,            0.003136,           0.0079903,           0.0079903,           0.0079903
                  96,            0.018647,           0.0063889,           0.0041147,             0.91934,             0.98887,             0.98674,             0.80381,            0.012253,           0.0039113,           0.0034549,           0.0079509,           0.0079509,           0.0079509
                  97,            0.019677,           0.0066429,           0.0032372,             0.93937,             0.94249,             0.97692,             0.84105,            0.011244,           0.0038309,           0.0045762,           0.0079112,           0.0079112,           0.0079112
                  98,             0.01867,           0.0062869,           0.0056541,             0.95627,             0.94076,              0.9902,              0.8562,           0.0099791,           0.0035768,           0.0039803,           0.0078713,           0.0078713,           0.0078713
                  99,            0.018825,           0.0067284,           0.0047213,             0.95132,             0.94074,             0.98563,             0.85276,           0.0099756,           0.0035686,           0.0037618,           0.0078311,           0.0078311,           0.0078311
                 100,            0.021744,           0.0065413,           0.0057435,             0.94797,             0.94074,             0.97887,             0.77828,            0.011963,            0.004044,           0.0036354,           0.0077907,           0.0077907,           0.0077907
                 101,            0.020703,           0.0072393,           0.0049963,             0.93634,             0.95185,             0.98977,             0.77819,            0.012644,           0.0033991,           0.0038283,             0.00775,             0.00775,             0.00775
                 102,            0.021432,           0.0066196,           0.0059513,              0.9564,             0.93446,             0.99071,             0.82576,            0.011416,           0.0034485,           0.0043571,           0.0077091,           0.0077091,           0.0077091
                 103,            0.021862,           0.0075061,           0.0038541,             0.94604,             0.94608,              0.9835,             0.77819,            0.012227,           0.0039507,           0.0046881,           0.0076679,           0.0076679,           0.0076679
                 104,            0.020468,           0.0069942,           0.0038552,              0.9444,             0.93499,             0.98901,             0.81218,            0.011962,           0.0038363,           0.0045119,           0.0076265,           0.0076265,           0.0076265
                 105,            0.019785,           0.0067637,           0.0040333,             0.95134,             0.91098,             0.99203,             0.83196,            0.011453,           0.0042105,           0.0049999,           0.0075848,           0.0075848,           0.0075848
                 106,            0.019733,           0.0074271,           0.0064679,             0.94361,             0.93333,             0.93084,             0.74019,            0.012236,           0.0047386,           0.0045983,            0.007543,            0.007543,            0.007543
                 107,            0.019126,           0.0071056,           0.0051069,             0.94554,             0.94049,             0.96343,             0.81922,            0.011102,           0.0045716,           0.0040726,           0.0075009,           0.0075009,           0.0075009
                 108,            0.017743,           0.0065406,           0.0038651,             0.92029,             0.99719,              0.9936,             0.79241,            0.011675,           0.0043764,           0.0031876,           0.0074585,           0.0074585,           0.0074585
                 109,            0.018394,           0.0067205,           0.0042671,             0.95811,             0.94888,             0.99165,             0.86153,           0.0099184,           0.0042608,           0.0039322,            0.007416,            0.007416,            0.007416
                 110,            0.018781,           0.0062961,           0.0029869,             0.92865,             0.93334,             0.97852,             0.85933,           0.0094345,           0.0041329,           0.0052536,           0.0073733,           0.0073733,           0.0073733
                 111,            0.019228,           0.0067939,           0.0041894,             0.92767,             0.90451,             0.99128,             0.86488,           0.0094634,           0.0039872,           0.0063772,           0.0073303,           0.0073303,           0.0073303
                 112,            0.019409,           0.0065223,           0.0064639,             0.88008,             0.98889,               0.985,             0.86182,            0.010873,           0.0038664,           0.0039759,           0.0072872,           0.0072872,           0.0072872
                 113,            0.019297,           0.0072561,           0.0051442,             0.97352,             0.94748,              0.9887,              0.8432,            0.010135,           0.0037162,            0.002164,           0.0072438,           0.0072438,           0.0072438
                 114,            0.020057,           0.0062917,           0.0049101,             0.96302,             0.97476,             0.99272,             0.84807,            0.010175,           0.0037646,           0.0021436,           0.0072003,           0.0072003,           0.0072003
                 115,            0.016919,           0.0061526,           0.0032673,              0.9605,             0.96768,              0.9924,              0.8766,           0.0092433,           0.0037351,           0.0023678,           0.0071566,           0.0071566,           0.0071566
                 116,            0.017934,           0.0063186,           0.0036882,             0.94551,             0.98148,             0.99194,             0.82951,            0.010047,            0.004025,           0.0026176,           0.0071127,           0.0071127,           0.0071127
                 117,            0.018197,           0.0066175,           0.0037739,             0.94534,              0.9535,             0.98525,             0.85834,            0.010181,           0.0041637,           0.0028762,           0.0070686,           0.0070686,           0.0070686
                 118,            0.017236,           0.0063391,           0.0032465,              0.9366,             0.95189,             0.98518,             0.78952,            0.010527,           0.0040716,           0.0036063,           0.0070243,           0.0070243,           0.0070243
                 119,            0.017619,           0.0063462,           0.0029003,             0.94561,             0.93517,             0.97606,             0.83553,           0.0096004,           0.0038781,           0.0039759,           0.0069799,           0.0069799,           0.0069799
                 120,            0.016875,           0.0061668,           0.0033641,             0.93766,             0.93651,             0.97261,               0.806,           0.0099869,            0.004006,           0.0045501,           0.0069353,           0.0069353,           0.0069353
                 121,            0.016397,           0.0055016,           0.0018873,             0.93748,             0.93654,             0.96861,              0.8172,            0.010393,            0.004254,           0.0048515,           0.0068906,           0.0068906,           0.0068906
                 122,            0.018109,           0.0065261,           0.0036458,             0.95482,             0.93327,             0.97759,                0.81,            0.010658,           0.0042141,           0.0047039,           0.0068457,           0.0068457,           0.0068457
                 123,            0.016798,           0.0065716,           0.0037344,             0.94483,             0.94026,             0.98361,             0.85403,            0.011284,           0.0039756,           0.0044038,           0.0068006,           0.0068006,           0.0068006
                 124,            0.018701,           0.0062174,           0.0025408,             0.99279,             0.90027,             0.98978,             0.86096,           0.0099422,           0.0039338,           0.0037146,           0.0067555,           0.0067555,           0.0067555
                 125,            0.016421,            0.006672,           0.0028034,             0.90115,                   1,             0.98886,             0.85635,           0.0099454,           0.0038916,           0.0040741,           0.0067101,           0.0067101,           0.0067101
                 126,            0.017081,           0.0063255,           0.0028306,             0.98224,              0.9114,             0.98864,             0.84086,           0.0096847,           0.0041381,           0.0041242,           0.0066647,           0.0066647,           0.0066647
                 127,            0.017019,           0.0061212,           0.0025665,             0.92193,             0.98148,             0.98594,             0.84193,            0.010357,            0.004113,           0.0041764,           0.0066191,           0.0066191,           0.0066191
                 128,            0.017852,           0.0057276,           0.0061015,              0.9648,             0.92481,             0.98585,             0.86847,            0.010152,           0.0040199,           0.0041582,           0.0065734,           0.0065734,           0.0065734
                 129,             0.01862,           0.0066124,           0.0027871,             0.92255,             0.98059,             0.98918,             0.82779,            0.010787,           0.0037872,           0.0038281,           0.0065276,           0.0065276,           0.0065276
                 130,            0.017834,           0.0061723,           0.0029617,             0.93232,             0.96989,             0.98991,             0.87046,           0.0087747,           0.0035084,           0.0033711,           0.0064816,           0.0064816,           0.0064816
                 131,            0.016693,            0.006093,           0.0031846,             0.96264,             0.95187,             0.99326,             0.88958,           0.0082116,           0.0031935,           0.0028567,           0.0064356,           0.0064356,           0.0064356
                 132,            0.017018,            0.006064,           0.0026149,             0.92968,                   1,             0.99435,             0.86878,           0.0089433,           0.0033427,           0.0019852,           0.0063895,           0.0063895,           0.0063895
                 133,            0.015733,           0.0052998,           0.0032743,              0.9178,             0.99996,             0.99392,             0.89344,           0.0082114,           0.0034267,            0.002676,           0.0063432,           0.0063432,           0.0063432
                 134,            0.017004,           0.0061577,           0.0028152,             0.94562,             0.96297,             0.99285,             0.88343,           0.0089025,           0.0034776,           0.0032273,           0.0062969,           0.0062969,           0.0062969
                 135,            0.017033,           0.0055341,           0.0029743,             0.93297,             0.96731,             0.99264,               0.863,           0.0088725,           0.0035688,           0.0034924,           0.0062505,           0.0062505,           0.0062505
                 136,            0.015023,           0.0057199,           0.0034247,             0.91193,                   1,             0.99409,             0.84098,           0.0094659,            0.003679,           0.0029053,            0.006204,            0.006204,            0.006204
                 137,            0.016445,           0.0059162,           0.0052289,             0.99986,             0.91369,             0.99289,             0.82415,            0.010115,           0.0039755,           0.0027119,           0.0061574,           0.0061574,           0.0061574
                 138,            0.017125,           0.0062348,           0.0036712,             0.93346,                   1,             0.99437,             0.88502,           0.0088341,           0.0038024,           0.0022307,           0.0061107,           0.0061107,           0.0061107
                 139,             0.01626,           0.0059143,           0.0033054,             0.96658,             0.95554,               0.991,             0.83594,           0.0097456,           0.0038085,           0.0022896,            0.006064,            0.006064,            0.006064
                 140,            0.016907,           0.0056422,           0.0041188,             0.96968,             0.94145,              0.9841,              0.8561,           0.0091786,           0.0038629,           0.0025472,           0.0060172,           0.0060172,           0.0060172
                 141,            0.015857,            0.006101,           0.0029195,             0.96997,             0.93647,             0.97762,             0.87298,           0.0089133,           0.0038335,           0.0027036,           0.0059704,           0.0059704,           0.0059704
                 142,             0.01593,           0.0058942,            0.002451,             0.92826,             0.95921,             0.98015,              0.8637,           0.0092948,            0.003958,           0.0026351,           0.0059235,           0.0059235,           0.0059235
                 143,             0.01567,           0.0061521,           0.0031803,             0.92119,             0.98148,             0.98817,             0.86411,           0.0093894,           0.0039629,           0.0025091,           0.0058766,           0.0058766,           0.0058766
                 144,            0.015033,           0.0059102,           0.0021218,             0.93013,                   1,             0.99218,             0.85897,           0.0093468,           0.0037205,           0.0023029,           0.0058296,           0.0058296,           0.0058296
                 145,            0.015562,           0.0059769,           0.0021073,             0.93442,                   1,             0.99392,             0.85333,           0.0088369,           0.0036627,           0.0021138,           0.0057826,           0.0057826,           0.0057826
                 146,            0.015236,           0.0056896,           0.0021201,             0.91561,                   1,              0.9936,             0.86379,           0.0088557,           0.0035781,           0.0026551,           0.0057355,           0.0057355,           0.0057355
                 147,            0.015023,           0.0056145,           0.0022522,             0.89942,              0.9999,             0.99328,             0.86069,           0.0093935,           0.0036538,            0.002818,           0.0056884,           0.0056884,           0.0056884
                 148,            0.018417,           0.0063856,           0.0036592,             0.90016,             0.98204,             0.99218,             0.83899,           0.0092876,           0.0037945,           0.0035303,           0.0056413,           0.0056413,           0.0056413
                 149,            0.014936,           0.0058425,           0.0026209,             0.89931,             0.99988,             0.99468,             0.88619,           0.0085338,           0.0036846,           0.0037626,           0.0055942,           0.0055942,           0.0055942
                 150,            0.014379,           0.0057481,           0.0033205,             0.89881,             0.99999,             0.99468,             0.87558,           0.0090878,           0.0037119,           0.0041381,           0.0055471,           0.0055471,           0.0055471
                 151,            0.016022,           0.0056366,           0.0033313,             0.88389,             0.99993,              0.9925,             0.87232,           0.0084778,           0.0035506,           0.0050403,              0.0055,              0.0055,              0.0055
                 152,            0.015243,           0.0055357,           0.0040464,             0.92155,             0.98151,              0.9925,             0.85605,           0.0086575,           0.0032885,           0.0029759,           0.0054529,           0.0054529,           0.0054529
                 153,            0.015747,           0.0053208,           0.0025254,             0.96603,             0.98382,              0.9925,             0.88784,           0.0093424,           0.0033848,           0.0018644,           0.0054058,           0.0054058,           0.0054058
                 154,            0.016026,            0.006034,            0.003076,             0.96667,             0.98306,               0.995,             0.89938,           0.0082795,           0.0034363,           0.0016312,           0.0053587,           0.0053587,           0.0053587
                 155,            0.015817,            0.005778,            0.003186,             0.92786,             0.98474,             0.98374,             0.88159,            0.008569,           0.0036393,           0.0015004,           0.0053116,           0.0053116,           0.0053116
                 156,            0.015009,           0.0056594,           0.0037571,             0.91266,             0.98748,             0.97889,              0.8768,           0.0085114,           0.0038007,           0.0022427,           0.0052645,           0.0052645,           0.0052645
                 157,            0.014469,           0.0057376,            0.002869,             0.94304,             0.93689,             0.97689,             0.86346,           0.0082124,           0.0038507,           0.0034516,           0.0052174,           0.0052174,           0.0052174
                 158,            0.015181,           0.0054461,           0.0025347,             0.96801,             0.88426,             0.97013,             0.89032,           0.0087565,           0.0038777,           0.0045612,           0.0051704,           0.0051704,           0.0051704
                 159,            0.016542,           0.0055352,           0.0040017,             0.96793,             0.88718,             0.97192,             0.86989,            0.008409,           0.0038324,           0.0056694,           0.0051234,           0.0051234,           0.0051234
                 160,             0.01339,           0.0055771,           0.0022786,             0.94238,             0.94555,             0.98662,             0.85898,           0.0087641,           0.0038715,           0.0052036,           0.0050765,           0.0050765,           0.0050765
                 161,            0.014446,           0.0052668,           0.0036577,             0.92526,             0.93337,             0.97694,              0.8708,           0.0089983,           0.0039846,           0.0053081,           0.0050296,           0.0050296,           0.0050296
                 162,            0.014445,           0.0058668,            0.002435,             0.91617,             0.95183,             0.98006,             0.85316,           0.0087424,           0.0039971,           0.0044092,           0.0049828,           0.0049828,           0.0049828
                 163,            0.015072,           0.0058797,           0.0027163,             0.94355,             0.95186,             0.98479,             0.88934,           0.0080994,           0.0039062,           0.0033852,            0.004936,            0.004936,            0.004936
                 164,             0.01336,           0.0054824,           0.0028593,             0.95076,             0.94209,             0.97214,             0.85776,           0.0084885,           0.0039132,           0.0024236,           0.0048893,           0.0048893,           0.0048893
                 165,            0.014473,           0.0051894,           0.0037834,             0.90715,             0.97778,             0.97699,             0.89411,           0.0079184,           0.0037997,           0.0022409,           0.0048426,           0.0048426,           0.0048426
                 166,            0.014786,           0.0052482,           0.0029968,              0.9505,             0.94109,             0.98043,             0.90153,           0.0082325,           0.0038193,           0.0020061,            0.004796,            0.004796,            0.004796
                 167,            0.014363,           0.0056934,           0.0024326,              0.9701,             0.96279,             0.99468,             0.87834,           0.0085128,           0.0040954,           0.0018378,           0.0047495,           0.0047495,           0.0047495
                 168,            0.013904,           0.0054577,            0.004442,             0.92495,             0.99996,             0.99468,             0.86832,           0.0089176,           0.0042561,           0.0021213,           0.0047031,           0.0047031,           0.0047031
                 169,            0.014314,           0.0055069,           0.0034178,             0.91299,             0.98882,             0.98732,             0.85251,           0.0088576,            0.004367,           0.0023619,           0.0046568,           0.0046568,           0.0046568
                 170,            0.014848,           0.0054756,           0.0021703,             0.91509,             0.98887,             0.98702,             0.87483,           0.0083018,           0.0041042,           0.0023824,           0.0046105,           0.0046105,           0.0046105
                 171,            0.013505,           0.0054276,           0.0023925,             0.92267,                   1,             0.99437,             0.86175,           0.0089446,           0.0040362,           0.0027612,           0.0045644,           0.0045644,           0.0045644
                 172,            0.014643,           0.0054431,           0.0020468,             0.93854,             0.96296,             0.99375,             0.88555,           0.0078301,           0.0039173,           0.0035596,           0.0045184,           0.0045184,           0.0045184
                 173,             0.01427,            0.005528,           0.0023651,              0.9697,             0.94662,             0.99329,             0.91301,           0.0074712,           0.0038389,           0.0035493,           0.0044724,           0.0044724,           0.0044724
                 174,            0.013282,           0.0049391,           0.0034841,             0.96415,             0.95187,             0.98824,             0.89503,           0.0083013,           0.0038791,           0.0031152,           0.0044266,           0.0044266,           0.0044266
                 175,            0.013247,           0.0053449,           0.0016779,              0.9592,             0.95188,             0.98836,              0.8957,           0.0084723,           0.0040283,           0.0025026,           0.0043809,           0.0043809,           0.0043809
                 176,            0.013419,           0.0051834,           0.0027314,             0.94762,             0.98398,             0.99435,             0.87071,           0.0087009,           0.0040195,           0.0019993,           0.0043353,           0.0043353,           0.0043353
                 177,            0.013393,           0.0051277,           0.0014411,             0.93631,             0.98149,             0.99435,             0.89513,           0.0080028,           0.0040455,           0.0021664,           0.0042899,           0.0042899,           0.0042899
                 178,            0.014322,           0.0056842,           0.0020938,              0.8917,                   1,             0.99435,             0.87399,           0.0084363,           0.0040553,           0.0029735,           0.0042445,           0.0042445,           0.0042445
                 179,            0.013228,           0.0049477,           0.0034689,             0.87707,              0.9999,             0.99435,             0.87959,           0.0081232,           0.0040348,           0.0039689,           0.0041994,           0.0041994,           0.0041994
                 180,            0.014663,           0.0052192,           0.0033745,             0.87532,             0.99995,             0.99435,             0.88597,           0.0077947,           0.0039649,           0.0040645,           0.0041543,           0.0041543,           0.0041543
                 181,            0.012798,           0.0050232,           0.0023868,             0.88972,             0.99997,             0.99435,              0.8968,           0.0075335,           0.0039025,           0.0026718,           0.0041094,           0.0041094,           0.0041094
                 182,            0.013025,           0.0049242,           0.0018646,             0.95898,             0.96609,             0.99435,             0.88614,           0.0076654,           0.0038632,           0.0020949,           0.0040647,           0.0040647,           0.0040647
                 183,            0.014169,           0.0049228,           0.0018167,             0.96217,             0.97251,             0.99318,              0.9065,           0.0074466,            0.003787,           0.0016003,           0.0040201,           0.0040201,           0.0040201
                 184,            0.012579,           0.0051431,           0.0014032,              0.9783,             0.94155,             0.98596,              0.9104,           0.0070916,           0.0037572,           0.0013824,           0.0039757,           0.0039757,           0.0039757
                 185,            0.012238,           0.0045962,           0.0014081,             0.94671,             0.98889,             0.98653,             0.90691,           0.0072145,           0.0037672,           0.0012137,           0.0039314,           0.0039314,           0.0039314
                 186,             0.01389,           0.0050672,           0.0024449,             0.94808,             0.98889,             0.98696,             0.92206,           0.0071149,            0.003697,           0.0012465,           0.0038873,           0.0038873,           0.0038873
                 187,             0.01317,           0.0048634,           0.0024997,             0.95171,             0.98299,              0.9869,             0.89233,           0.0078299,           0.0037901,           0.0015067,           0.0038434,           0.0038434,           0.0038434
                 188,            0.012836,           0.0050234,           0.0020774,              0.9766,             0.90364,             0.98774,             0.89839,           0.0074666,           0.0037881,           0.0022336,           0.0037997,           0.0037997,           0.0037997
                 189,            0.013684,           0.0054122,           0.0023988,             0.90215,             0.98328,             0.99409,             0.88111,           0.0078065,           0.0037375,           0.0024668,           0.0037562,           0.0037562,           0.0037562
                 190,            0.011028,           0.0051975,           0.0014739,             0.90393,             0.98335,             0.99409,             0.90204,           0.0072174,           0.0036163,           0.0023832,           0.0037128,           0.0037128,           0.0037128
                 191,            0.013132,           0.0047523,            0.002111,              0.9203,                   1,               0.995,             0.87696,           0.0079693,           0.0037276,           0.0023106,           0.0036697,           0.0036697,           0.0036697
                 192,            0.012574,           0.0047855,           0.0023697,             0.94327,             0.98152,               0.995,             0.88177,           0.0078069,           0.0037669,           0.0019918,           0.0036267,           0.0036267,           0.0036267
                 193,            0.013174,           0.0047264,           0.0013467,             0.95425,             0.98149,             0.99468,             0.88475,           0.0080951,           0.0037148,           0.0018345,            0.003584,            0.003584,            0.003584
                 194,            0.012537,           0.0052501,           0.0011221,             0.96145,             0.98149,             0.99392,             0.88138,           0.0082735,           0.0038453,           0.0021445,           0.0035415,           0.0035415,           0.0035415
                 195,             0.01232,           0.0043888,           0.0018072,             0.96739,             0.98148,             0.99328,             0.89147,           0.0085868,           0.0038487,           0.0020893,           0.0034991,           0.0034991,           0.0034991
                 196,             0.01275,           0.0051707,            0.002346,             0.96886,             0.98145,             0.99285,              0.8829,           0.0079693,           0.0038549,           0.0022254,            0.003457,            0.003457,            0.003457
                 197,            0.011992,           0.0045466,           0.0017273,             0.96332,             0.98139,             0.99328,             0.88662,           0.0077684,           0.0038314,           0.0025424,           0.0034152,           0.0034152,           0.0034152
                 198,             0.01211,           0.0048008,           0.0022082,             0.94859,             0.97038,              0.9862,             0.88374,           0.0077692,           0.0039595,            0.002615,           0.0033735,           0.0033735,           0.0033735
                 199,            0.012061,           0.0045958,           0.0016382,             0.93965,             0.97038,             0.98687,             0.90604,           0.0075971,           0.0039826,           0.0029283,           0.0033321,           0.0033321,           0.0033321
                 200,            0.010482,           0.0046172,           0.0014237,             0.94259,             0.98149,              0.9936,             0.89919,           0.0074334,           0.0037991,            0.003153,           0.0032909,           0.0032909,           0.0032909
                 201,            0.011366,           0.0050993,           0.0011734,              0.9526,             0.96532,             0.99272,             0.91542,           0.0072345,           0.0037447,           0.0033451,             0.00325,             0.00325,             0.00325
                 202,            0.011647,           0.0046834,           0.0018935,             0.93291,             0.96297,              0.9936,             0.90697,           0.0079205,           0.0037472,           0.0040636,           0.0032093,           0.0032093,           0.0032093
                 203,            0.010991,           0.0047743,           0.0012945,             0.88108,             0.99999,              0.9936,             0.90929,           0.0073632,           0.0037027,           0.0044712,           0.0031689,           0.0031689,           0.0031689
                 204,            0.012058,            0.004549,           0.0026049,             0.89905,              0.9815,             0.99435,             0.90815,           0.0076151,           0.0037367,            0.004163,           0.0031287,           0.0031287,           0.0031287
                 205,             0.01145,           0.0049048,          0.00084961,             0.93707,             0.98147,             0.99392,             0.91443,           0.0072972,           0.0037186,           0.0033278,           0.0030888,           0.0030888,           0.0030888
                 206,            0.012309,           0.0048519,           0.0014794,             0.96094,             0.98149,              0.9936,             0.90323,           0.0070781,           0.0038077,           0.0025198,           0.0030491,           0.0030491,           0.0030491
                 207,             0.01178,           0.0046686,           0.0011465,             0.97073,             0.98155,              0.9936,              0.8995,            0.007599,           0.0039546,            0.002453,           0.0030097,           0.0030097,           0.0030097
                 208,            0.011106,           0.0047912,           0.0010436,              0.9735,             0.97932,              0.9936,             0.91827,           0.0073079,            0.003716,           0.0024097,           0.0029706,           0.0029706,           0.0029706
                 209,            0.011165,           0.0042458,           0.0016726,              0.9838,             0.96742,             0.99272,             0.90955,           0.0069214,           0.0037036,           0.0024959,           0.0029318,           0.0029318,           0.0029318
                 210,            0.012082,           0.0049856,           0.0017539,             0.98339,             0.96642,              0.9936,             0.90972,           0.0070727,            0.003621,           0.0025913,           0.0028932,           0.0028932,           0.0028932
                 211,            0.012327,           0.0050932,           0.0015384,             0.98239,             0.96509,             0.99435,             0.91751,           0.0075305,           0.0035606,           0.0025672,            0.002855,            0.002855,            0.002855
                 212,            0.012022,           0.0051172,           0.0013792,             0.97865,             0.96298,             0.99435,             0.92389,           0.0070093,           0.0034684,           0.0026175,            0.002817,            0.002817,            0.002817
                 213,            0.010809,             0.00482,           0.0012732,             0.95526,             0.98133,             0.99392,             0.91122,           0.0071997,           0.0034582,            0.002605,           0.0027793,           0.0027793,           0.0027793
                 214,            0.011378,           0.0050839,           0.0014437,             0.94594,             0.98148,             0.99468,             0.91417,             0.00708,           0.0033811,           0.0028385,           0.0027419,           0.0027419,           0.0027419
                 215,             0.01081,           0.0047125,           0.0017103,              0.9489,             0.97039,             0.99409,             0.93336,           0.0064984,           0.0032764,           0.0024627,           0.0027048,           0.0027048,           0.0027048
                 216,            0.010341,           0.0044904,           0.0029506,             0.95017,             0.95189,             0.99409,             0.92515,           0.0066892,           0.0032558,           0.0024446,           0.0026681,           0.0026681,           0.0026681
                 217,            0.010944,           0.0044046,           0.0024893,             0.99764,             0.90177,             0.99409,             0.92072,           0.0066351,           0.0032508,           0.0027009,           0.0026316,           0.0026316,           0.0026316
                 218,            0.010587,           0.0045638,          0.00061278,             0.98537,             0.90358,             0.99409,             0.92549,           0.0067991,           0.0032548,           0.0026444,           0.0025954,           0.0025954,           0.0025954
                 219,            0.011584,           0.0048767,           0.0015787,             0.88593,             0.99955,             0.99409,             0.93128,           0.0066854,           0.0032702,           0.0031753,           0.0025596,           0.0025596,           0.0025596
                 220,            0.011891,           0.0046964,           0.0018987,             0.88517,              0.9999,             0.99409,             0.92993,           0.0068936,           0.0033679,           0.0030352,           0.0025241,           0.0025241,           0.0025241
                 221,            0.011723,           0.0044615,           0.0012284,             0.93333,             0.95186,             0.99409,             0.92205,            0.006719,           0.0033478,            0.002622,           0.0024889,           0.0024889,           0.0024889
                 222,            0.011329,           0.0047397,           0.0019486,             0.97573,             0.95168,             0.99409,             0.91164,           0.0071497,           0.0034893,           0.0021768,           0.0024541,           0.0024541,           0.0024541
                 223,            0.009915,           0.0043024,           0.0019436,             0.97776,             0.95176,             0.99409,             0.92307,           0.0073023,           0.0036011,           0.0020818,           0.0024195,           0.0024195,           0.0024195
                 224,            0.011432,           0.0045443,           0.0023903,             0.98994,             0.91882,             0.99382,             0.91611,           0.0070904,           0.0036544,           0.0024566,           0.0023854,           0.0023854,           0.0023854
                 225,            0.011532,            0.004908,            0.001776,             0.98558,              0.9186,             0.99382,              0.9072,           0.0071555,           0.0036245,           0.0026382,           0.0023515,           0.0023515,           0.0023515
                 226,            0.010147,           0.0042984,           0.0011617,              0.9804,             0.91687,             0.99382,             0.90932,            0.007169,           0.0036284,           0.0033936,            0.002318,            0.002318,            0.002318
                 227,            0.010409,           0.0042365,           0.0011045,             0.98117,             0.91638,             0.99382,             0.91242,           0.0070502,           0.0035635,           0.0038946,           0.0022849,           0.0022849,           0.0022849
                 228,            0.010552,           0.0044085,           0.0010073,             0.98448,             0.91597,             0.99242,             0.91239,           0.0069184,           0.0034965,           0.0041095,           0.0022521,           0.0022521,           0.0022521
                 229,            0.011054,           0.0045613,           0.0014018,             0.98983,             0.91823,             0.99242,             0.91484,            0.006826,           0.0034342,           0.0036945,           0.0022196,           0.0022196,           0.0022196
                 230,            0.010415,           0.0046913,          0.00070686,             0.99284,             0.91987,             0.99242,             0.91904,           0.0069431,           0.0034447,           0.0035061,           0.0021876,           0.0021876,           0.0021876
                 231,            0.010338,           0.0049049,           0.0011921,             0.97649,             0.95185,             0.99047,             0.91805,           0.0068265,            0.003404,           0.0034084,           0.0021558,           0.0021558,           0.0021558
                 232,            0.011022,           0.0046242,           0.0022796,             0.99088,             0.95185,             0.99047,             0.91658,            0.006775,           0.0034393,           0.0031537,           0.0021245,           0.0021245,           0.0021245
                 233,           0.0099185,            0.004115,            0.001131,             0.98068,             0.95186,             0.99171,             0.91534,           0.0072162,             0.00358,           0.0032422,           0.0020935,           0.0020935,           0.0020935
                 234,            0.011445,           0.0046322,           0.0011026,             0.99606,             0.91891,             0.99409,             0.91598,           0.0068796,           0.0035314,            0.003351,           0.0020629,           0.0020629,           0.0020629
                 235,            0.010071,           0.0045853,           0.0017526,             0.99427,             0.91751,             0.99409,             0.91787,           0.0067072,           0.0034634,           0.0039037,           0.0020327,           0.0020327,           0.0020327
                 236,            0.010006,           0.0041952,          0.00068899,             0.99148,             0.91583,             0.99409,             0.91956,           0.0066561,           0.0035408,           0.0042265,           0.0020028,           0.0020028,           0.0020028
                 237,            0.010135,           0.0045783,          0.00085293,             0.99268,             0.91578,             0.99409,             0.92115,           0.0067747,           0.0036306,           0.0037525,           0.0019734,           0.0019734,           0.0019734
                 238,            0.010056,           0.0043517,           0.0016971,             0.98773,             0.91543,             0.99409,             0.93366,           0.0065964,           0.0035069,           0.0045292,           0.0019443,           0.0019443,           0.0019443
                 239,           0.0097764,            0.004134,           0.0015795,             0.99034,             0.91529,             0.99409,             0.93332,           0.0065289,           0.0034825,           0.0039562,           0.0019156,           0.0019156,           0.0019156
                 240,            0.010496,           0.0043296,           0.0018243,             0.99212,             0.91544,             0.99409,             0.91934,           0.0066159,           0.0035402,           0.0034806,           0.0018873,           0.0018873,           0.0018873
                 241,           0.0094104,           0.0041999,          0.00069056,             0.99396,             0.91595,             0.99409,             0.92224,           0.0066508,           0.0034994,           0.0029757,           0.0018594,           0.0018594,           0.0018594
                 242,            0.010218,           0.0041754,          0.00088462,             0.99551,             0.91656,             0.99409,             0.92228,           0.0065529,           0.0034815,           0.0025754,           0.0018319,           0.0018319,           0.0018319
                 243,            0.010075,           0.0045079,           0.0012086,               0.944,             0.97035,             0.99409,             0.91681,           0.0066302,           0.0034859,           0.0022981,           0.0018048,           0.0018048,           0.0018048
                 244,            0.010375,           0.0041552,           0.0013579,             0.98418,             0.95185,             0.99409,             0.92823,           0.0064274,           0.0034987,           0.0018477,           0.0017781,           0.0017781,           0.0017781
                 245,           0.0091241,           0.0040135,          0.00042268,             0.99761,             0.95188,             0.99409,             0.93337,           0.0063627,           0.0034633,           0.0017663,           0.0017519,           0.0017519,           0.0017519
                 246,            0.010218,           0.0040736,           0.0018135,             0.99764,             0.95291,             0.99409,             0.93165,           0.0062987,           0.0034345,           0.0017408,            0.001726,            0.001726,            0.001726
                 247,           0.0096922,           0.0041982,          0.00064045,             0.99712,             0.95193,             0.99409,             0.93167,           0.0063158,           0.0034458,           0.0020475,           0.0017005,           0.0017005,           0.0017005
                 248,           0.0099074,           0.0040228,           0.0017794,             0.99515,             0.95188,             0.99409,              0.9313,           0.0063861,           0.0034496,           0.0020985,           0.0016755,           0.0016755,           0.0016755
                 249,            0.010284,           0.0044332,           0.0013031,             0.99273,             0.95188,             0.99409,             0.93151,           0.0063767,           0.0034658,           0.0019195,           0.0016509,           0.0016509,           0.0016509
                 250,           0.0093515,            0.004054,          0.00087863,             0.98918,             0.95186,             0.99409,             0.92516,           0.0065047,           0.0034406,           0.0020399,           0.0016267,           0.0016267,           0.0016267
                 251,           0.0098292,           0.0037842,           0.0014126,             0.99554,             0.91685,             0.99409,             0.92666,           0.0064546,           0.0034406,           0.0027196,           0.0016029,           0.0016029,           0.0016029
                 252,           0.0090153,           0.0038916,           0.0007242,              0.9735,             0.90645,             0.99409,             0.92283,           0.0067776,           0.0035008,           0.0050616,           0.0015795,           0.0015795,           0.0015795
                 253,            0.009755,           0.0042967,          0.00078655,             0.87944,             0.99996,             0.99409,             0.92687,           0.0063982,           0.0034248,           0.0067098,           0.0015566,           0.0015566,           0.0015566
                 254,           0.0097765,           0.0043563,           0.0012413,             0.87984,              0.9985,             0.99409,             0.92854,           0.0064716,           0.0034522,            0.007165,           0.0015341,           0.0015341,           0.0015341
                 255,            0.010148,           0.0045194,           0.0024217,             0.88143,             0.99957,             0.99409,             0.93149,           0.0066476,           0.0034917,           0.0064934,           0.0015121,           0.0015121,           0.0015121
                 256,            0.010768,           0.0043558,           0.0021065,             0.88633,             0.99851,             0.99376,             0.91868,           0.0065682,            0.003468,           0.0050246,           0.0014905,           0.0014905,           0.0014905
                 257,           0.0090814,            0.004264,          0.00085899,             0.88568,              0.9992,             0.99376,             0.92802,           0.0064462,           0.0034036,           0.0049453,           0.0014693,           0.0014693,           0.0014693
                 258,             0.01043,           0.0044556,           0.0011731,               0.898,             0.99608,             0.99376,             0.92078,           0.0065888,           0.0034282,           0.0038477,           0.0014486,           0.0014486,           0.0014486
                 259,           0.0089222,           0.0041832,          0.00093973,             0.89847,             0.99804,             0.99376,              0.9156,           0.0065157,           0.0034528,           0.0035161,           0.0014283,           0.0014283,           0.0014283
                 260,           0.0085208,           0.0036986,          0.00057498,             0.99258,             0.90536,             0.99376,             0.91066,           0.0065076,           0.0035018,           0.0031191,           0.0014084,           0.0014084,           0.0014084
                 261,            0.010517,           0.0045467,           0.0025942,             0.98341,               0.926,             0.99409,             0.91778,           0.0064581,           0.0034801,           0.0028075,            0.001389,            0.001389,            0.001389
                 262,           0.0088137,           0.0040047,           0.0017314,             0.99085,             0.93467,             0.99409,             0.91879,           0.0064681,           0.0033832,           0.0022523,           0.0013701,           0.0013701,           0.0013701
                 263,           0.0094971,           0.0040498,           0.0013341,             0.98525,             0.95161,             0.99409,             0.92246,           0.0062872,           0.0033471,           0.0019556,           0.0013516,           0.0013516,           0.0013516
                 264,           0.0085822,           0.0039811,           0.0013045,             0.99283,             0.94506,             0.99409,             0.92963,           0.0064154,           0.0033657,           0.0021381,           0.0013336,           0.0013336,           0.0013336
                 265,           0.0091096,           0.0040301,           0.0010096,             0.99572,             0.95207,             0.99409,             0.93217,           0.0065366,           0.0034468,           0.0021258,            0.001316,            0.001316,            0.001316
                 266,           0.0090427,           0.0039851,           0.0010872,             0.99676,              0.9532,             0.99409,             0.91904,           0.0064827,           0.0034656,           0.0020909,           0.0012989,           0.0012989,           0.0012989
                 267,           0.0095305,           0.0041472,           0.0013649,             0.99681,             0.95389,             0.99409,             0.93467,             0.00632,           0.0033927,            0.001918,           0.0012822,           0.0012822,           0.0012822
                 268,           0.0088858,           0.0043329,           0.0012889,             0.99691,             0.95375,             0.99409,             0.93316,           0.0064413,           0.0033942,           0.0021373,            0.001266,            0.001266,            0.001266
                 269,           0.0090669,           0.0037543,           0.0017534,             0.99703,             0.95354,             0.99409,             0.93405,           0.0065152,           0.0033894,            0.002505,           0.0012503,           0.0012503,           0.0012503
                 270,            0.008947,            0.004151,            0.001003,             0.99695,             0.95373,             0.99409,             0.93411,            0.006591,           0.0034837,           0.0025003,            0.001235,            0.001235,            0.001235
                 271,           0.0093239,           0.0039651,          0.00093399,             0.99682,              0.9538,             0.99409,             0.92168,           0.0066056,           0.0035667,           0.0024642,           0.0012202,           0.0012202,           0.0012202
                 272,           0.0082839,            0.003697,            0.001174,             0.94314,             0.99889,             0.99376,             0.92595,           0.0064375,           0.0034609,           0.0024751,           0.0012059,           0.0012059,           0.0012059
                 273,           0.0093951,           0.0038726,           0.0016901,             0.94408,             0.99839,             0.99376,             0.93675,           0.0064957,           0.0034113,           0.0021904,           0.0011921,           0.0011921,           0.0011921
                 274,           0.0093358,           0.0042159,          0.00088721,             0.94344,             0.99868,             0.99376,             0.93063,           0.0063649,           0.0033684,           0.0021903,           0.0011787,           0.0011787,           0.0011787
                 275,             0.01078,             0.00483,           0.0012481,             0.94284,             0.99886,             0.99376,             0.93446,            0.006382,           0.0033655,           0.0022176,           0.0011658,           0.0011658,           0.0011658
                 276,             0.00947,           0.0045544,           0.0010618,              0.9443,              0.9981,             0.99376,             0.92969,           0.0064526,           0.0032777,           0.0019958,           0.0011533,           0.0011533,           0.0011533
                 277,           0.0086357,           0.0038816,           0.0015706,             0.94338,             0.99865,             0.99376,             0.93021,           0.0063948,           0.0031967,           0.0020915,           0.0011414,           0.0011414,           0.0011414
                 278,           0.0087367,           0.0038197,           0.0011963,              0.9428,             0.99891,             0.99376,             0.93165,            0.006462,           0.0032499,           0.0021708,           0.0011299,           0.0011299,           0.0011299
                 279,           0.0089764,           0.0036413,           0.0006076,             0.94429,             0.99814,             0.99376,             0.93417,           0.0063742,           0.0032848,           0.0020042,           0.0011189,           0.0011189,           0.0011189
                 280,           0.0087428,           0.0042273,           0.0011908,             0.94485,             0.99732,             0.99376,              0.9277,           0.0064389,           0.0032893,           0.0019133,           0.0011084,           0.0011084,           0.0011084
                 281,           0.0091158,           0.0044375,          0.00060911,             0.98567,             0.95355,             0.99376,             0.93441,           0.0063006,           0.0032438,           0.0021786,           0.0010983,           0.0010983,           0.0010983
                 282,           0.0088165,           0.0041229,          0.00072459,             0.99686,             0.95289,             0.99409,             0.93598,           0.0062587,           0.0032954,           0.0019704,           0.0010888,           0.0010888,           0.0010888
                 283,           0.0087573,           0.0039724,          0.00077279,             0.99657,             0.95211,             0.99409,              0.9335,           0.0061552,           0.0032906,           0.0019153,           0.0010797,           0.0010797,           0.0010797
                 284,           0.0095531,           0.0041511,           0.0022713,             0.98263,             0.95185,             0.99376,             0.93945,           0.0061757,           0.0032185,           0.0022204,           0.0010711,           0.0010711,           0.0010711
                 285,           0.0091133,            0.003886,           0.0015978,             0.97814,             0.95188,             0.99376,             0.93798,           0.0063852,           0.0032482,           0.0023879,            0.001063,            0.001063,            0.001063
                 286,           0.0080538,           0.0037695,           0.0015957,             0.97866,             0.95187,             0.99376,             0.93649,           0.0062614,           0.0033017,           0.0023185,           0.0010554,           0.0010554,           0.0010554
                 287,           0.0089714,           0.0038959,          0.00075923,             0.97265,             0.95187,             0.99376,             0.93547,           0.0063233,           0.0034089,           0.0026267,           0.0010483,           0.0010483,           0.0010483
                 288,           0.0078563,           0.0038778,          0.00056247,             0.97478,             0.95187,             0.99376,             0.92621,           0.0062774,           0.0033819,            0.002475,           0.0010416,           0.0010416,           0.0010416
                 289,           0.0086873,           0.0038924,           0.0014121,             0.97836,             0.95186,             0.99409,              0.9316,           0.0064069,           0.0033978,            0.002121,           0.0010355,           0.0010355,           0.0010355
                 290,            0.009783,           0.0040736,           0.0014042,             0.97476,             0.95188,             0.99409,             0.93166,           0.0062243,            0.003429,           0.0022484,           0.0010298,           0.0010298,           0.0010298
                 291,           0.0089219,           0.0039599,           0.0006458,             0.96563,             0.95187,             0.99376,             0.92864,           0.0063347,           0.0034439,           0.0027461,           0.0010247,           0.0010247,           0.0010247
                 292,           0.0092909,           0.0041704,           0.0013389,             0.96628,             0.96297,             0.99435,             0.92841,           0.0063471,           0.0035174,           0.0032611,             0.00102,             0.00102,             0.00102
                 293,           0.0095008,           0.0038035,           0.0029791,             0.97784,             0.96298,             0.99468,               0.921,            0.006528,           0.0036212,           0.0030548,           0.0010158,           0.0010158,           0.0010158
                 294,           0.0096469,           0.0040831,           0.0023296,             0.98526,             0.96297,             0.99468,             0.93011,           0.0065882,           0.0036687,           0.0029568,           0.0010121,           0.0010121,           0.0010121
                 295,           0.0087794,           0.0037231,          0.00050915,             0.98707,             0.96301,             0.99392,             0.92431,           0.0066345,           0.0035573,           0.0031717,           0.0010089,           0.0010089,           0.0010089
                 296,           0.0087766,           0.0038282,           0.0017939,             0.98732,             0.96336,             0.99435,             0.92852,           0.0066867,           0.0035224,           0.0034506,           0.0010062,           0.0010062,           0.0010062
                 297,           0.0087988,           0.0039887,          0.00081305,             0.98706,             0.96348,             0.99435,              0.9246,           0.0066706,            0.003549,           0.0033386,           0.0010039,           0.0010039,           0.0010039
                 298,           0.0091621,           0.0039268,          0.00097343,             0.98589,             0.96339,             0.99435,             0.92134,           0.0065285,           0.0034795,           0.0034916,           0.0010022,           0.0010022,           0.0010022
                 299,           0.0078976,           0.0035272,          0.00077634,             0.98487,             0.96379,             0.99435,             0.92466,           0.0064874,           0.0034467,            0.003545,            0.001001,            0.001001,            0.001001
